product_name,geography,segment,verified_contacts,open_rate,reply_rate,best_send_days,compliance,source_url
Australia Consumer Email List,Australia,consumer email list,12000000,18-26%,3-7%,Tuesday; Wednesday; Thursday,The Spam Act 2003 requires consent (express or inferred) for commercial electronic messages. Inferred consent applies wh,https://leadsblue.com/leads/australia-consumer-email-database/
Canada Consumer Email Database,Canada,consumer email list,15000000,17-24%,3-6%,Tuesday; Wednesday; Thursday,"CASL (Canada's Anti-Spam Legislation) is among the world's strictest email marketing frameworks, with penalties up to C$",https://leadsblue.com/leads/canada-consumer-email-database/
United Kingdom Consumer Email List,United Kingdom,consumer email list,26000000,17-25%,3-6%,Tuesday; Wednesday; Thursday,UK GDPR and PECR (Privacy and Electronic Communications Regulations) jointly govern cold email. For emails to corporate ,https://leadsblue.com/leads/unitedkingdom-consumer-email-database/
France Consumer Mailing List,France,consumer email list,19000000,14-20%,2-4.5%,Tuesday; Wednesday; Thursday,France follows GDPR under CNIL (Commission Nationale de l'Informatique et des Libertés) oversight. CNIL guidance disting,https://leadsblue.com/leads/france-consumer-email-database/
Germany Consumer Email List,Germany,consumer email list,24000000,15-22%,2-5%,Tuesday; Wednesday; Thursday,"Germany is the strictest EU jurisdiction for B2B cold email. GDPR applies, but UWG §7 (Gesetz gegen den unlauteren Wettb",https://leadsblue.com/leads/germany-consumer-email-database/
Italy Consumer Email Database,Italy,consumer email list,17000000,15-22%,2-4.5%,Tuesday; Wednesday; Thursday,"Italy follows GDPR, enforced by Garante per la protezione dei dati personali (the Garante). Italy takes a stricter inter",https://leadsblue.com/leads/italy-consumer-email-database/
New Zealand Consumer Mailing List,New Zealand,consumer email list,2900000,18-26%,3-6.5%,Tuesday; Wednesday; Thursday,New Zealand's Unsolicited Electronic Messages Act (UEMA 2007) requires consent (express or inferred) for commercial elec,https://leadsblue.com/leads/newzealand-consumer-email-database/
South Africa Consumer Email List,South Africa,consumer email list,8500000,19-28%,3-6.5%,Tuesday; Wednesday; Thursday,POPIA (Protection of Personal Information Act) became fully effective July 2021. The Act permits direct marketing via em,https://leadsblue.com/leads/southafrica-consumer-email-database/
Spain Consumer Email Database,Spain,consumer email list,13000000,16-23%,2.5-5%,Tuesday; Wednesday; Thursday,"Spain follows GDPR, enforced by AEPD (Agencia Española de Protección de Datos). Spain's LSSI-CE (Law on Information Soci",https://leadsblue.com/leads/spain-consumer-email-database/
Switzerland Consumer Mailing List,Switzerland,consumer email list,4500000,14-21%,2.5-5%,Tuesday; Wednesday; Thursday,Switzerland's new Federal Act on Data Protection (nFADP) came into force in September 2023 and closely aligns with GDPR ,https://leadsblue.com/leads/switzerland-consumer-email-database/
UAE Consumer Email List,United Arab Emirates,consumer email list,5800000,,,,,https://leadsblue.com/leads/uae-consumer-email-database/
Austria Consumer Email Database,Austria,consumer email list,5500000,14-21%,2-5%,Tuesday; Wednesday; Thursday,"Austria follows GDPR, enforced by the DSB (Datenschutzbehörde — Austrian Data Protection Authority). Austria's TKG 2021 ",https://leadsblue.com/leads/austria-consumer-email-database/
Brazil Consumer Email List,Brazil,consumer email list,45000000,17-25%,3-6%,Tuesday; Wednesday; Thursday,Brazil's LGPD (Lei Geral de Proteção de Dados Pessoais) mirrors GDPR in structure and was fully effective from August 20,https://leadsblue.com/leads/brazil-consumer-email-database/
China Consumer Email List,China,consumer email list,195000000,10-16%,1-3%,Tuesday; Wednesday,China's PIPL (Personal Information Protection Law 2021) is among the world's strictest data protection frameworks. It re,https://leadsblue.com/leads/china-consumer-email-list-database/
Denmark Consumer Email Database,Denmark,consumer email list,3200000,15-23%,3-6%,Tuesday; Wednesday; Thursday,"Denmark follows GDPR, enforced by Datatilsynet. Legitimate interest applies for B2B cold email where communication is pr",https://leadsblue.com/leads/denmark-consumer-email-database/
Hong Kong Consumer Mailing List,Hong Kong,consumer email list,3800000,16-24%,2.5-5.5%,Tuesday; Wednesday; Thursday,"Hong Kong's PDPO (Personal Data (Privacy) Ordinance) explicitly excludes business contact information (name, job title, ",https://leadsblue.com/leads/hongkong-consumer-email-database/
Indonesia Consumer Email List,Indonesia,consumer email list,50000000,18-27%,2.5-5.5%,Monday; Tuesday; Wednesday,Indonesia's Personal Data Protection (PDP) Law No. 27 of 2022 became effective October 2024. Implementation rules were b,https://leadsblue.com/leads/indonesia-consumer-email-database/
Japan Consumer Email Database,Japan,consumer email list,48000000,12-18%,1.5-3.5%,Tuesday; Wednesday; Thursday,"Japan's Act on Regulation of Transmission of Specified Electronic Mail (2002, amended 2008) requires opt-in consent for ",https://leadsblue.com/leads/japan-consumer-email-database/
Netherlands Consumer Mailing List,Netherlands,consumer email list,5200000,16-23%,3-6%,Tuesday; Wednesday; Thursday,"The Netherlands falls under GDPR, enforced by the AP (Autoriteit Persoonsgegevens). The AP follows EDPB guidance allowin",https://leadsblue.com/leads/netherlands-consumer-email-database/
Belgium Consumer Email List,Belgium,consumer email list,4300000,15-22%,2.5-5.5%,Tuesday; Wednesday; Thursday,"Belgium follows GDPR, enforced by APD (Autoriteit Persoonsgegevens / Autorité de Protection des Données — the Belgian Da",https://leadsblue.com/leads/belgium-consumer-email-database/
Argentina Consumer Email List,Argentina,consumer email list,7500000,17-25%,3-6%,Tuesday; Wednesday; Thursday,Argentina's Personal Data Protection Act 25.326 (2000) governs data processing and requires consent for marketing commun,https://leadsblue.com/leads/argentina-consumer-email-database/
Czech Republic Consumer Mailing List,Czech Republic,consumer email list,3400000,15-23%,2.5-5%,Tuesday; Wednesday; Thursday,"Czech Republic follows GDPR, enforced by ÚOOÚ (Úřad pro ochranu osobních údajů — Office for Personal Data Protection). Ú",https://leadsblue.com/leads/czechrepublic-consumer-email-database/
Finland Consumer Email List,Finland,consumer email list,2900000,15-22%,2.5-5.5%,Tuesday; Wednesday; Thursday,"Finland follows GDPR, enforced by Tietosuojavaltuutettu (the Office of the Data Protection Ombudsman). Legitimate intere",https://leadsblue.com/leads/finland-consumer-email-database-2/
Greece Consumer Email Database,Greece,consumer email list,2200000,15-23%,2.5-5%,Tuesday; Wednesday; Thursday,"Greece follows GDPR, enforced by HDPA (Hellenic Data Protection Authority — Αρχή Προστασίας Δεδομένων Προσωπικού Χαρακτή",https://leadsblue.com/leads/greece-consumer-email-database/
Hungary Consumer Email List,Hungary,consumer email list,220000,15-22%,2.5-5%,Tuesday; Wednesday; Thursday,"Hungary follows GDPR, enforced by NAIH (Nemzeti Adatvédelmi és Információszabadság Hatóság — National Authority for Data",https://leadsblue.com/leads/hungary-consumer-email-database/
Iceland Consumer Mailing List,Iceland,consumer email list,36000000,18-26%,3.5-7%,Tuesday; Wednesday; Thursday,"Iceland follows GDPR via EEA membership (not EU), enforced by Persónuvernd. Legitimate interest applies for B2B cold ema",https://leadsblue.com/leads/iceland-consumer-email-database/
Mexico Consumer Email List,Mexico,consumer email list,2900000,17-25%,3-6%,Tuesday; Wednesday; Thursday,Mexico's LFPDPPP (Federal Law on Protection of Personal Data Held by Private Parties) governs personal data processing a,https://leadsblue.com/leads/mexico-consumer-email-database/
Norway Consumer Email Database,Norway,consumer email list,26000000,16-24%,3-6%,Tuesday; Wednesday; Thursday,"Norway follows GDPR via EEA membership (not EU), enforced by Datatilsynet (same name as the Danish authority). Legitimat",https://leadsblue.com/leads/norway-consumer-email-database/
Pakistan Consumer Email List,Pakistan,consumer email list,6500000,18-28%,3-6.5%,Monday; Tuesday; Wednesday,Pakistan's Personal Data Protection Act has been drafted and revised multiple times but was still pending final enactmen,https://leadsblue.com/leads/pakistan-consumer-email-database/
Poland Consumer Mailing List,Poland,consumer email list,7800000,15-22%,2.5-5%,Tuesday; Wednesday; Thursday,"Poland follows GDPR, enforced by UODO (Urząd Ochrony Danych Osobowych — Office for Personal Data Protection). UODO follo",https://leadsblue.com/leads/poland-consumer-email-database/
Portugal Consumer Email List,Portugal,consumer email list,4200000,16-23%,2.5-5.5%,Tuesday; Wednesday; Thursday,"Portugal follows GDPR, enforced by CNPD (Comissão Nacional de Proteção de Dados). Legitimate interest applies for B2B co",https://leadsblue.com/leads/portugal-consumer-email-database/
Singapore Consumer Email Database,Singapore,consumer email list,5900000,19-28%,3.5-7%,Tuesday; Wednesday; Thursday,"Singapore's PDPA uniquely and explicitly excludes business contact information — name, job title, business phone, busine",https://leadsblue.com/leads/singapore-consumer-email-database/
Sweden Consumer Email List,Sweden,consumer email list,5200000,15-23%,3-6%,Tuesday; Wednesday; Thursday,"Sweden follows GDPR, enforced by IMY (Integritetsskyddsmyndigheten — the Swedish Authority for Privacy Protection). IMY ",https://leadsblue.com/leads/sweden-consumer-email-database/
Taiwan Consumer Mailing List,Taiwan,consumer email list,25000000,18-26%,2.5-5.5%,Tuesday; Wednesday; Thursday,"Taiwan's Personal Data Protection Act (PDPA) governs commercial email. For B2B email to corporate accounts, legitimate b",https://leadsblue.com/leads/taiwan-consumer-email-database/
Colombia Consumer Email List,Colombia,consumer email list,3200000,17-25%,3-6%,Tuesday; Wednesday; Thursday,Colombia's LFPDPPP (Ley Estatutaria 1581 de 2012 de Protección de Datos Personales) governs personal data processing. Th,https://leadsblue.com/leads/colombia-consumer-email-database/
Ireland Consumer Email Database,Ireland,consumer email list,6800000,17-25%,3-6.5%,Tuesday; Wednesday; Thursday,Ireland is a critical GDPR jurisdiction because the DPC (Data Protection Commission) is the lead supervisory authority f,https://leadsblue.com/leads/ireland-consumer-email-database/
Israel Consumer Email List,Israel,consumer email list,10000000,19-27%,3.5-7%,Sunday; Monday; Tuesday,Israel's Privacy Protection Law (1981) is under update via an amendment passed in 2023 that aligns Israeli data protecti,https://leadsblue.com/leads/israel-consumer-email-database/
South Korea Consumer Mailing List,South Korea,consumer email list,3400000,13-20%,2-4%,Tuesday; Wednesday; Thursday,South Korea's PIPA (Personal Information Protection Act) and the Act on Promotion of Information and Communications Netw,https://leadsblue.com/leads/southkorea-consumer-email-database/
Sri Lanka Consumer Email List,Sri Lanka,consumer email list,1050000,18-27%,3-6.5%,Monday; Tuesday; Wednesday,Sri Lanka is developing comprehensive data protection legislation — a draft Bill has been circulating but not enacted as,https://leadsblue.com/leads/srilanka-consumer-email-database/
Albania Consumer Mailing List,Albania,consumer email list,30000000,,,,,https://leadsblue.com/leads/albania-consumer-email-database/
Bangladesh Consumer Email List,Bangladesh,consumer email list,1750000,17-26%,2.5-5.5%,Sunday; Monday; Tuesday,Bangladesh's Digital Security Act 2018 governs digital communications broadly. A specific data protection law has been d,https://leadsblue.com/leads/bangladesh-consumer-email-database/
Costa Rica Consumer Email List,Costa Rica,consumer email list,12000000,,,,,https://leadsblue.com/leads/costarica-consumer-email-database/
Ecuador Consumer Mailing List,Ecuador,consumer email list,980000,22-30%,3-6%,Tuesday; Wednesday; Thursday,,https://leadsblue.com/leads/ecuador-consumer-email-database/
Egypt Consumer Email List,Egypt,consumer email list,24000000,17-26%,2.5-5.5%,Sunday; Monday; Tuesday,"Egypt enacted Data Protection Law No. 151 of 2020, with implementing regulations published in 2021. The law requires con",https://leadsblue.com/leads/egypt-consumer-email-database/
Honduras Consumer Email Database,Honduras,consumer email list,580000,19-27%,2-5%,Tuesday; Wednesday; Thursday,,https://leadsblue.com/leads/honduras-consumer-email-database/
Iran Consumer Email List,Iran,consumer email list,34000000,8-16%,1-3%,Sunday; Monday; Tuesday,,https://leadsblue.com/leads/iran-consumer-email-database/
Kazakhstan Consumer Mailing List,Kazakhstan,consumer email list,5200000,18-26%,3-6%,Tuesday; Wednesday; Thursday,Kazakhstan's primary data protection framework is the Law on Personal Data and its Protection (Zakon ob informatsii i za,https://leadsblue.com/leads/kazakhstan-consumer-email-database/
Latin America Consumer Email List,Latin America,consumer email list,55000000,,,,,https://leadsblue.com/leads/latinamerica-consumer-email-database/
Latvia Consumer Email List,Latvia,consumer email list,11000000,15-23%,2.5-5%,Tuesday; Wednesday; Thursday,"Latvia follows GDPR, enforced by the Data State Inspectorate. Legitimate interest applies for B2B cold email to corporat",https://leadsblue.com/leads/latvia-consumer-email-database/
Luxembourg Consumer Mailing List,Luxembourg,consumer email list,1250000,15-22%,2.5-5.5%,Tuesday; Wednesday; Thursday,"Luxembourg follows GDPR, enforced by CNPD (Commission Nationale pour la Protection des Données). Luxembourg is one of th",https://leadsblue.com/leads/luxembourg-consumer-email-database/
Malaysia Consumer Email List,Malaysia,consumer email list,3200000,18-27%,3-6%,Tuesday; Wednesday; Thursday,"Malaysia's PDPA (Personal Data Protection Act 2010) explicitly excludes business contact information (name, position, bu",https://leadsblue.com/leads/malaysia-consumer-email-database/
Romania Consumer Email Database,Romania,consumer email list,85000,16-24%,2.5-5%,Tuesday; Wednesday; Thursday,"Romania follows GDPR, enforced by ANSPDCP (Autoritatea Națională de Supraveghere a Prelucrării Datelor cu Caracter Perso",https://leadsblue.com/leads/romania-consumer-email-database/
Russia Consumer Email List,Russia,consumer email list,8500000,12-18%,1.5-3%,Tuesday; Wednesday; Thursday,Russia's Federal Law No. 152-FZ on Personal Data requires consent for personal data processing including marketing. Rosk,https://leadsblue.com/leads/russia-consumer-email-database/
Saudi Arabia Consumer Email List,Saudi Arabia,consumer email list,680000,15-23%,2-5%,Sunday; Monday; Tuesday,Saudi Arabia's Personal Data Protection Law (PDPD 2022) became effective in September 2023. Consent is required for pers,https://leadsblue.com/leads/saudiarabia-consumer-email-database/
Slovenia Consumer Mailing List,Slovenia,consumer email list,2200000,15-22%,2.5-5%,Tuesday; Wednesday; Thursday,"Slovenia follows GDPR, enforced by the Information Commissioner. Legitimate interest applies for B2B cold email.",https://leadsblue.com/leads/slovenia-consumer-email-database/
Tanzania Consumer Email List,Tanzania,consumer email list,4500000,22-32%,3-7%,Tuesday; Wednesday; Thursday,,https://leadsblue.com/leads/tanzania-consumer-email-database/
Tonga Consumer Mailing List,Tonga,consumer email list,120000,,,,,https://leadsblue.com/leads/tonga-consumer-email-database/
Ukraine Consumer Email List,Ukraine,consumer email list,12000000,18-27%,3-6.5%,Tuesday; Wednesday; Thursday,Ukraine has its own data protection law based on EU principles. Cross-border data transfers have additional complexity g,https://leadsblue.com/leads/ukraine-consumer-email-database/
Uruguay Consumer Email Database,Uruguay,consumer email list,950000,23-32%,4-7%,Tuesday; Wednesday; Thursday,,https://leadsblue.com/leads/uruguay-consumer-email-database/
Thailand Consumer Email List,Thailand,consumer email list,2000000,17-26%,2.5-5.5%,Tuesday; Wednesday; Thursday,Thailand's PDPA (Personal Data Protection Act 2019) became effective June 2022. Legitimate interest is available as a le,https://leadsblue.com/leads/thailand-consumer-email-list-thailand-email-leads/
Chile Consumer Mailing List,Chile,consumer email list,2000000,17-25%,3-6%,Tuesday; Wednesday; Thursday,Chile's Law No. 19.628 on the Protection of Private Life governs data processing. A comprehensive data protection update,https://leadsblue.com/leads/chile-consumer-email-list-sales-leads-database/
Philippines Consumer Email List,Philippines,consumer email list,20000000,19-28%,3.5-7%,Tuesday; Wednesday; Thursday,The Philippines' Data Privacy Act 2012 (DPA) governs personal data processing and requires consent as the primary legal ,https://leadsblue.com/leads/philippines-consumer-email-list-sales-leads-database/
Turkey Consumer Email Database,Turkey,consumer email list,3000000,17-25%,2.5-5.5%,Tuesday; Wednesday; Thursday,Turkey's KVKK (Kişisel Verileri Koruma Kanunu — Law No. 6698 on Protection of Personal Data) requires consent for market,https://leadsblue.com/leads/turkey-consumer-email-list-and-sales-leads-database/
